{
  "result": [
    [
      {
        "serviceUri": "",
        "eventInfo": [
          {
            "title": "トーテムへようこそ",
            "shortEventDescription": "来年２月に開幕するシルク・ドゥ・ソレイユ日本公演最新作「トーテム」！既に世界６カ国で上演され３００万人を感動の渦に巻き込んだ大ヒット作の魅力に迫る！",
            "eventId": "45448",
            "startDateTime": "2015-11-01T08:25:00Z",
            "durationSec": 300,
            "paymentType": "freeEvent"
          }
        ]
      }
    ]
  ],
  "id": 1
}