{
  "method": "getEventSchedule",
  "params": [
    {
      "programMediaType": "tv",
      "serviceUri": [],
      "search": {
        "params": [
          {
            "name": "eventInfo.paymenttype",
            "values": [
              "freeEvent"
            ]
          },
          {
            "name": "eventInfo.genre.majorGenre",
            "values": [
              "9"
            ]
          },
          {
            "name": "eventInfo.genre.middleGenreId",
            "values": [
              "1"
            ]
          }
        ],
        "period": {
          "timeSpan": {
            "startTime": "08:00:00Z",
            "durationSec": 25200
          }
        }
      },
      "sort": {
        "key": "title",
        "order": "ascending"
      }
    }
  ],
  "id": 1,
  "version": "1.0"
}